{"cameraMode":{"drawMode":0,"name":"Shaded","section":"Shading Mode"},"sceneLighting":true,"audioPlay":false,"sceneViewState":{"showFog":true,"showMaterialUpdate":false,"showSkybox":true,"showFlares":true,"showImageEffects":true,"showParticleSystems":true},"in2DMode":false,"pivot":{"x":1.3862197399139405,"y":-0.1130867674946785,"z":-1.405783772468567},"rotation":{"x":-0.10953164845705033,"y":0.557946503162384,"z":-0.07459291070699692,"w":-0.819236159324646},"size":2.7024338245391847,"orthographic":false}