{"cameraMode":{"drawMode":0,"name":"Shaded","section":"Shading Mode"},"sceneLighting":true,"audioPlay":false,"sceneViewState":{"showFog":true,"showMaterialUpdate":false,"showSkybox":true,"showFlares":true,"showImageEffects":true,"showParticleSystems":true},"in2DMode":false,"pivot":{"x":6.171830177307129,"y":-5.280665397644043,"z":2.2425332069396974},"rotation":{"x":0.348811537027359,"y":0.023332523182034494,"z":-0.008710190653800965,"w":0.9368900060653687},"size":16.351383209228517,"orthographic":false}