{"cameraMode":{"drawMode":0,"name":"Shaded","section":"Shading Mode"},"sceneLighting":true,"audioPlay":false,"sceneViewState":{"showFog":true,"showMaterialUpdate":false,"showSkybox":true,"showFlares":true,"showImageEffects":true,"showParticleSystems":true},"in2DMode":false,"pivot":{"x":80.52091217041016,"y":2.3183722496032717,"z":-29.838144302368165},"rotation":{"x":0.17101433873176576,"y":0.0245345626026392,"z":-0.004281351342797279,"w":0.9849803447723389},"size":11.020498275756836,"orthographic":false}