{"cameraMode":{"drawMode":0,"name":"Shaded","section":"Shading Mode"},"sceneLighting":true,"audioPlay":false,"sceneViewState":{"showFog":true,"showMaterialUpdate":false,"showSkybox":true,"showFlares":true,"showImageEffects":true,"showParticleSystems":true},"in2DMode":false,"pivot":{"x":0.13386492431163789,"y":-0.6988294124603272,"z":-0.9586824178695679},"rotation":{"x":-0.2589769959449768,"y":0.4644912779331207,"z":-0.14414629340171815,"w":-0.8345118761062622},"size":4.957884311676025,"orthographic":false}