{"cameraMode":{"drawMode":0,"name":"Shaded","section":"Shading Mode"},"sceneLighting":true,"audioPlay":false,"sceneViewState":{"showFog":true,"showMaterialUpdate":false,"showSkybox":true,"showFlares":true,"showImageEffects":true,"showParticleSystems":true},"in2DMode":false,"pivot":{"x":285.00811767578127,"y":192.64889526367188,"z":-19.485904693603517},"rotation":{"x":0.14024952054023744,"y":-0.0005930454353801906,"z":0.00004071212242706679,"w":0.9901456832885742},"size":184.16989135742188,"orthographic":false}