{"cameraMode":{"drawMode":0,"name":"Shaded","section":"Shading Mode"},"sceneLighting":true,"audioPlay":false,"sceneViewState":{"showFog":true,"showMaterialUpdate":false,"showSkybox":true,"showFlares":true,"showImageEffects":true,"showParticleSystems":true},"in2DMode":false,"pivot":{"x":-3.281174659729004,"y":0.8200496435165405,"z":8.679719924926758},"rotation":{"x":0.04475635662674904,"y":0.10262497514486313,"z":-0.0046221669763326649,"w":0.9937081336975098},"size":3.494030475616455,"orthographic":false}