{"cameraMode":{"drawMode":0,"name":"Shaded","section":"Shading Mode"},"sceneLighting":true,"audioPlay":false,"sceneViewState":{"showFog":true,"showMaterialUpdate":false,"showSkybox":true,"showFlares":true,"showImageEffects":true,"showParticleSystems":true},"in2DMode":false,"pivot":{"x":0.6241410970687866,"y":0.25686773657798769,"z":-0.27448272705078127},"rotation":{"x":0.17101433873176576,"y":0.0245345626026392,"z":-0.004281351342797279,"w":0.9849803447723389},"size":17.338768005371095,"orthographic":false}