{"cameraMode":{"drawMode":0,"name":"Shaded","section":"Shading Mode"},"sceneLighting":true,"audioPlay":false,"sceneViewState":{"showFog":true,"showMaterialUpdate":false,"showSkybox":true,"showFlares":true,"showImageEffects":true,"showParticleSystems":true},"in2DMode":false,"pivot":{"x":1.4997193813323975,"y":1.3167122602462769,"z":4.321631908416748},"rotation":{"x":0.007078327238559723,"y":-0.49235373735427859,"z":0.003957387991249561,"w":0.870392382144928},"size":4.644021034240723,"orthographic":false}