{"cameraMode":{"drawMode":0,"name":"Shaded","section":"Shading Mode"},"sceneLighting":true,"audioPlay":false,"sceneViewState":{"showFog":true,"showMaterialUpdate":false,"showSkybox":true,"showFlares":true,"showImageEffects":true,"showParticleSystems":true},"in2DMode":false,"pivot":{"x":28.323280334472658,"y":0.0,"z":-0.6605075597763062},"rotation":{"x":0.38734298944473269,"y":-0.0627221018075943,"z":0.02637590654194355,"w":0.9194525480270386},"size":14.181108474731446,"orthographic":false}