{"cameraMode":{"drawMode":0,"name":"Shaded","section":"Shading Mode"},"sceneLighting":true,"audioPlay":false,"sceneViewState":{"showFog":true,"showMaterialUpdate":false,"showSkybox":true,"showFlares":true,"showImageEffects":true,"showParticleSystems":true},"in2DMode":false,"pivot":{"x":9.006885528564454,"y":0.7355010509490967,"z":0.1139003112912178},"rotation":{"x":0.0021094742696732284,"y":-0.008093134500086308,"z":-0.000028412992833182216,"w":0.9999967813491821},"size":3.8061227798461916,"orthographic":false}