{"cameraMode":{"drawMode":0,"name":"Shaded","section":"Shading Mode"},"sceneLighting":true,"audioPlay":false,"sceneViewState":{"showFog":true,"showMaterialUpdate":false,"showSkybox":true,"showFlares":true,"showImageEffects":true,"showParticleSystems":true},"in2DMode":false,"pivot":{"x":7.294426441192627,"y":0.0,"z":0.035683780908584598},"rotation":{"x":0.17101433873176576,"y":0.0245345626026392,"z":-0.004281351342797279,"w":0.9849803447723389},"size":1.23236882686615,"orthographic":false}