{"cameraMode":{"drawMode":0,"name":"Shaded","section":"Shading Mode"},"sceneLighting":true,"audioPlay":false,"sceneViewState":{"showFog":true,"showMaterialUpdate":false,"showSkybox":true,"showFlares":true,"showImageEffects":true,"showParticleSystems":true},"in2DMode":false,"pivot":{"x":213.94970703125,"y":144.80908203125,"z":755.7485961914063},"rotation":{"x":-0.004211641848087311,"y":0.024849340319633485,"z":0.00008068151510087773,"w":-0.9997269511222839},"size":1014.9388427734375,"orthographic":false}