{"cameraMode":{"drawMode":0,"name":"Shaded","section":"Shading Mode"},"sceneLighting":true,"audioPlay":false,"sceneViewState":{"showFog":true,"showMaterialUpdate":false,"showSkybox":true,"showFlares":true,"showImageEffects":true,"showParticleSystems":true},"in2DMode":false,"pivot":{"x":1.7159860134124756,"y":0.0,"z":0.09648656845092774},"rotation":{"x":-0.49711257219314577,"y":0.27984750270843508,"z":-0.17327620089054109,"w":-0.8028458952903748},"size":7.792089462280273,"orthographic":false}