{"cameraMode":{"drawMode":0,"name":"Shaded","section":"Shading Mode"},"sceneLighting":true,"audioPlay":false,"sceneViewState":{"showFog":true,"showMaterialUpdate":false,"showSkybox":true,"showFlares":true,"showImageEffects":true,"showParticleSystems":true},"in2DMode":false,"pivot":{"x":-1.530783772468567,"y":-4.691848278045654,"z":3.1358964443206789},"rotation":{"x":0.348811537027359,"y":0.023332523182034494,"z":-0.008710190653800965,"w":0.9368900060653687},"size":13.121185302734375,"orthographic":false}